Workbook
Name Slicer_Dish_Ordered: #N/A
Name Slicer_Restaurant: #N/A
Name Slicer_REVENUE: #N/A

Sheet CLEANED CAPSTONE DATA
A1: Customer | B1: Restaurant | C1: Dish Ordered | D1: Rating | E1: Date of Visit | F1: Feedback | G1: Price of Dish Ordered | H1: Quantity
A2: Chris Smith | B2: McDonalds | C2: Sushi | D2: 2 | E2: 44947 | F2: Good service | G2: 5 | H2: 4
A3: Sarah Rodriguez | B3: Burger King | C3: Pasta | D3: 1 | E3: 44948 | F3: Good service | G3: 20 | H3: 3
A4: Not Specified | B4: Not Specified | C4: Not Specified | D4: 2 | E4: 44947 | F4: Good service | G4: 5 | H4: 1
A5: Jane Brown | B5: McDonalds | C5: Fries | D5: 2 | E5: 44950 | F5: Good service | G5: 5 | H5: 1
A6: Michael Johnson | B6: McDonalds | C6: Not Specified | D6: 4 | E6: 44947 | F6: Good service | G6: 5 | H6: 1
A7: Emily Garcia | B7: McDonalds | C7: Nuggets | D7: 1 | E7: 44960 | F7: Good service | G7: 25 | H7: 5
A8: Sarah Williams | B8: McDonalds | C8: Taco | D8: 5 | E8: 44940 | F8: Good service | G8: 10 | H8: 4
A9: James Rodriguez | B9: Dominos | C9: Sushi | D9: 2 | E9: 44961 | F9: Good service | G9: 20 | H9: 5
A10: Jane Martinez | B10: Subway | C10: Pasta | D10: 1 | E10: 44958 | F10: Good service | G10: 25 | H10: 4
A11: Not Specified | B11: KFC | C11: Salad | D11: 3 | E11: 44947 | F11: Good service | G11: 25 | H11: 5
A12: Emily Miller | B12: McDonalds | C12: Taco | D12: 1 | E12: 44957 | F12: Good service | G12: 25 | H12: 5
A13: James Rodriguez | B13: Dominos | C13: Sushi | D13: 2 | E13: 44961 | F13: Good service | G13: 25 | H13: 3
... A46: Sarah Miller | B46: Dominos | C46: Not Specified | D46: 3 | E46: 44938 | F46: Good service | G46: 5 | H46: 5

Sheet INSIGHT 1
A2: INSIGHT 1.
A3: Row Labels | B3: Sum of Quantity
A4: Fries | B4: 16
A5: Grand Total | B5: 16

Sheet INSIGHT 7
A1: INSIGHT 7.
A2: Row Labels | B2: Sum of Price of Dish Ordered | C2: Sum of Quantity
A3: Burger King | B3: 93 | C3: 18
A4: Dominos | B4: 107 | C4: 29
A5: KFC | B5: 95 | C5: 15
A6: McDonalds | B6: 170 | C6: 39
A7: Not Specified | B7: 145 | C7: 13
A8: Subway | B8: 112 | C8: 15
A9: Grand Total | B9: 722 | C9: 129

Sheet EXCEL DASHBOARD
C4: =GETPIVOTDATA("[Measures].[Sum of REVENUE]",'CHART 1'!$A$3) -> 2180 | H4: =GETPIVOTDATA("[Measures].[Sum of REVENUE]",'CHART 2'!$A$2) -> 2180 | M4: =GETPIVOTDATA("[Measures].[Sum of Quantity]",'CHART 3'!$A$4) -> 129
C17: =GETPIVOTDATA("[Measures].[Sum of REVENUE]",'CHART 4'!$A$4) -> 2180 | H17: =GETPIVOTDATA("[Measures].[Sum of REVENUE]",'CHART 5'!$A$4) -> 2180 | M17: =GETPIVOTDATA("[Measures].[Sum of Price of Dish Ordered]",'CHART 6'!$A$4) -> 722

Sheet INSIGHT 6
A1: INSIGHT 6.
A2: Row Labels | B2: Sum of Quantity
A3: Burger King | B3: 5
A4: Fries | B4: 5
A5: Dominos | B5: 8
A6: Fries | B6: 8
A7: McDonalds | B7: 1
A8: Fries | B8: 1
A9: Not Specified | B9: 2
A10: Fries | B10: 2
A11: Grand Total | B11: 16

Sheet INSIGHT 5
A1: INSIGHT 5.
A2: Row Labels | B2: Sum of Quantity
A3: Burger King | B3: 18
A4: Dominos | B4: 29
A5: KFC | B5: 15
A6: McDonalds | B6: 39
A7: Not Specified | B7: 13
A8: Subway | B8: 15
A9: Grand Total | B9: 129

Sheet INSIGHT 4
A1: INSIGHT 4.
A2: Row Labels | B2: Sum of Quantity | C2: Sum of Price of Dish Ordered
A3: Fries | B3: 16 | C3: 69
A4: Grand Total | B4: 16 | C4: 69

Sheet INSIGHT 3
A1: INSIGHT 3.
A2: Row Labels | B2: Sum of Price of Dish Ordered
A3: Fries | B3: 69
A4: Grand Total | B4: 69

Sheet INSIGHT 2
A1: INSIGHT 2.
A2: Row Labels | B2: Sum of Price of Dish Ordered
A3: Fries | B3: 69
A4: Grand Total | B4: 69

Sheet  ANALYSIS TASKS PT3
A2: 1. TOTAL TRANSACTION | E2: 2. TOTAL REVENUE | H2: 3. AVERAGE SALES AMOUNT | K2: 9.MOST EXPENSIVE ITEM SOLD
A3: Row Labels | B3: Count of Quantity | E3: Row Labels | F3: Sum of Price of Dish Ordered | H3: Row Labels | I3: Average of Price of Dish Ordered | K3: Row Labels | L3: Max of Price of Dish Ordered | M3: Count of Quantity
A4: Burger | B4: 3 | E4: Burger | F4: 68 | H4: Burger | I4: 22.666667 | K4: Burger | L4: 25 | M4: 3
A5: Fries | B5: 5 | E5: Fries | F5: 69 | H5: Fries | I5: 13.8 | K5: Fries | L5: 25 | M5: 5
A6: Not Specified | B6: 9 | E6: Not Specified | F6: 110 | H6: Not Specified | I6: 12.222222 | K6: Not Specified | L6: 25 | M6: 9
A7: Nuggets | B7: 2 | E7: Nuggets | F7: 40 | H7: Nuggets | I7: 20 | K7: Nuggets | L7: 25 | M7: 2
A8: Pasta | B8: 5 | E8: Pasta | F8: 90 | H8: Pasta | I8: 18 | K8: Pasta | L8: 25 | M8: 5
A9: Pizza | B9: 1 | E9: Pizza | F9: 25 | H9: Pizza | I9: 25 | K9: Pizza | L9: 25 | M9: 1
A10: Salad | B10: 3 | E10: Salad | F10: 65 | H10: Salad | I10: 21.666667 | K10: Salad | L10: 25 | M10: 3
A11: Sandwich | B11: 7 | E11: Sandwich | F11: 88 | H11: Sandwich | I11: 12.571429 | K11: Sandwich | L11: 20 | M11: 7
A12: Sushi | B12: 6 | E12: Sushi | F12: 102 | H12: Sushi | I12: 17 | K12: Sushi | L12: 25 | M12: 6
A13: Taco | B13: 3 | E13: Taco | F13: 45 | H13: Taco | I13: 15 | K13: Taco | L13: 25 | M13: 3
A14: Wrap | B14: 1 | E14: Wrap | F14: 20 | H14: Wrap | I14: 20 | K14: Wrap | L14: 20 | M14: 1
A15: Grand Total | B15: 45 | E15: Grand Total | F15: 722 | H15: Grand Total | I15: 16.044444 | K15: Grand Total | L15: 25 | M15: 45
A17: 4. HIGHEST SINGLE TRANSACTION | E17: 5. LOWEST SINGLE TRANSACTION | H17: 6. TOTAL QUANTITY SOLD | K17: 10. CHEAPEST ITEM SOLD
A18: Row Labels | B18: Max of Price of Dish Ordered | E18: Row Labels | F18: Min of Price of Dish Ordered | H18: Row Labels | I18: Sum of Quantity | K18: Row Labels | L18: Min of Price of Dish Ordered | M18: Count of Quantity
A19: Burger | B19: 25 | E19: Burger | F19: 20 | H19: Burger | I19: 10 | K19: Burger | L19: 20 | M19: 3
A20: Fries | B20: 25 | E20: Fries | F20: 5 | H20: Fries | I20: 16 | K20: Fries | L20: 5 | M20: 5
A21: Not Specified | B21: 25 | E21: Not Specified | F21: 5 | H21: Not Specified | I21: 19 | K21: Not Specified | L21: 5 | M21: 9
A22: Nuggets | B22: 25 | E22: Nuggets | F22: 15 | H22: Nuggets | I22: 6 | K22: Nuggets | L22: 15 | M22: 2
A23: Pasta | B23: 25 | E23: Pasta | F23: 5 | H23: Pasta | I23: 12 | K23: Pasta | L23: 5 | M23: 5
A24: Pizza | B24: 25 | E24: Pizza | F24: 25 | H24: Pizza | I24: 1 | K24: Pizza | L24: 25 | M24: 1
A25: Salad | B25: 25 | E25: Salad | F25: 20 | H25: Salad | I25: 10 | K25: Salad | L25: 20 | M25: 3
A26: Sandwich | B26: 20 | E26: Sandwich | F26: 5 | H26: Sandwich | I26: 21 | K26: Sandwich | L26: 5 | M26: 7
A27: Sushi | B27: 25 | E27: Sushi | F27: 5 | H27: Sushi | I27: 19 | K27: Sushi | L27: 5 | M27: 6
A28: Taco | B28: 25 | E28: Taco | F28: 10 | H28: Taco | I28: 14 | K28: Taco | L28: 10 | M28: 3
A29: Wrap | B29: 20 | E29: Wrap | F29: 20 | H29: Wrap | I29: 1 | K29: Wrap | L29: 20 | M29: 1
A30: Grand Total | B30: 25 | E30: Grand Total | F30: 5 | H30: Grand Total | I30: 129 | K30: Grand Total | L30: 5 | M30: 45

Sheet Sheet3

Sheet PIVOT TABLE
A2: TREND ANALYSIS | D2: REVENUE ANALYSIS
A3: Row Labels | B3: Sum of REVENUE | D3: Row Labels | E3: Sum of REVENUE | G3: PRODUCT ANALYSIS
A4: Burger | B4: 231 | D4: Burger King | E4: 261 | G4: Row Labels | H4: Sum of Quantity
A5: Fries | B5: 252 | D5: Dominos | E5: 447 | G5: Burger | H5: 10
A6: Not Specified | B6: 230 | D6: KFC | E6: 295 | G6: Fries | H6: 16
A7: Nuggets | B7: 140 | D7: McDonalds | E7: 625 | G7: Not Specified | H7: 19
A8: Pasta | B8: 215 | D8: Not Specified | E8: 225 | G8: Nuggets | H8: 6
A9: Pizza | B9: 25 | D9: Subway | E9: 327 | G9: Pasta | H9: 12
A10: Salad | B10: 225 | D10: Grand Total | E10: 2180 | G10: Pizza | H10: 1
A11: Sandwich | B11: 280 | G11: Salad | H11: 10
A12: Sushi | B12: 347 | G12: Sandwich | H12: 21
A13: Taco | B13: 215 | G13: Sushi | H13: 19
A14: Wrap | B14: 20 | G14: Taco | H14: 14
A15: Grand Total | B15: 2180 | G15: Wrap | H15: 1
G16: Grand Total | H16: 129
A19: CUSTOMER ANALYSIS | D19: TIME- BASE ANALYSIS | G19: TREND ANALYSIS
A20: Row Labels | B20: Sum of REVENUE | D20: Row Labels | E20: Sum of REVENUE | G20: Row Labels | H20: Sum of Price of Dish Ordered
A21: Alex Davis | B21: 15 | D21: Jan | E21: 1740 | G21: Burger King | H21: 93
A22: Alex Smith | B22: 125 | D22: Feb | E22: 440 | G22: Dominos | H22: 107
A23: Chris Smith | B23: 20 | D23: Grand Total | E23: 2180 | G23: KFC | H23: 95
A24: Chris Williams | B24: 80 | G24: McDonalds | H24: 170
A25: Emily Garcia | B25: 140 | G25: Not Specified | H25: 145
A26: Emily Johnson | B26: 40 | G26: Subway | H26: 112
A27: Emily Miller | B27: 125 | G27: Grand Total | H27: 722
A28: James Brown | B28: 190
A29: James Garcia | B29: 30
A30: James Jones | B30: 30
A31: James Martinez | B31: 60
A32: James Rodriguez | B32: 175
A33: Jane Brown | B33: 20
A34: Jane Garcia | B34: 125
A35: Jane Martinez | B35: 100
A36: Jane Miller | B36: 25
A37: Katie Johnson | B37: 20
A38: Katie Jones | B38: 65
A39: Katie Martinez | B39: 17
... A49: Grand Total | B49: 2180

Sheet CHART 6
A3: TREND ANALYSIS
A4: Row Labels | B4: Sum of Price of Dish Ordered
A5: Burger King | B5: 93
A6: Dominos | B6: 107
A7: KFC | B7: 95
A8: McDonalds | B8: 170
A9: Not Specified | B9: 145
A10: Subway | B10: 112
A11: Grand Total | B11: 722

Sheet CHART 5
A3: TIME- BASE ANALYSIS
A4: Row Labels | B4: Sum of REVENUE
A5: Jan | B5: 1740
A6: Feb | B6: 440
A7: Grand Total | B7: 2180

Sheet CHART 4
A3: CUSTOMER ANALYSIS
A4: Row Labels | B4: Sum of REVENUE
A5: Alex Davis | B5: 15
A6: Alex Smith | B6: 125
A7: Chris Smith | B7: 20
A8: Chris Williams | B8: 80
A9: Emily Garcia | B9: 140
A10: Emily Johnson | B10: 40
A11: Emily Miller | B11: 125
A12: James Brown | B12: 190
A13: James Garcia | B13: 30
A14: James Jones | B14: 30
A15: James Martinez | B15: 60
A16: James Rodriguez | B16: 175
... A33: Grand Total | B33: 2180

Sheet CHART 3
A3: PRODUCT ANALYSIS
A4: Row Labels | B4: Sum of Quantity
A5: Burger | B5: 10
A6: Fries | B6: 16
A7: Not Specified | B7: 19
A8: Nuggets | B8: 6
A9: Pasta | B9: 12
A10: Pizza | B10: 1
A11: Salad | B11: 10
A12: Sandwich | B12: 21
A13: Sushi | B13: 19
A14: Taco | B14: 14
A15: Wrap | B15: 1
A16: Grand Total | B16: 129

Sheet CHART 2
A1: REVENUE ANALYSIS
A2: Row Labels | B2: Sum of REVENUE
A3: Burger King | B3: 261
A4: Dominos | B4: 447
A5: KFC | B5: 295
A6: McDonalds | B6: 625
A7: Not Specified | B7: 225
A8: Subway | B8: 327
A9: Grand Total | B9: 2180

Sheet CHART 1
A2: TREND ANALYSIS
A3: Row Labels | B3: Sum of REVENUE
A4: Burger | B4: 231
A5: Fries | B5: 252
A6: Not Specified | B6: 230
A7: Nuggets | B7: 140
A8: Pasta | B8: 215
A9: Pizza | B9: 25
A10: Salad | B10: 225
A11: Sandwich | B11: 280
A12: Sushi | B12: 347
A13: Taco | B13: 215
A14: Wrap | B14: 20
A15: Grand Total | B15: 2180

Sheet TABLE
A1: Customer | B1: Restaurant | C1: Dish Ordered | D1: Rating | E1: Date of Visit | F1: Feedback | G1: Price of Dish Ordered | H1: Quantity | I1: REVENUE
A2: Chris Smith | B2: McDonalds | C2: Sushi | D2: 2 | E2: 44947 | F2: Good service | G2: 5 | H2: 4 | I2: =Table1[[#This Row],[Price of Dish Ordered]]*Table1[[#This Row],[Quantity]] -> 20
A3: Sarah Rodriguez | B3: Burger King | C3: Pasta | D3: 1 | E3: 44948 | F3: Good service | G3: 20 | H3: 3 | I3: =Table1[[#This Row],[Price of Dish Ordered]]*Table1[[#This Row],[Quantity]] -> 60
A4: Not Specified | B4: Not Specified | C4: Not Specified | D4: 2 | E4: 44947 | F4: Good service | G4: 5 | H4: 1 | I4: =Table1[[#This Row],[Price of Dish Ordered]]*Table1[[#This Row],[Quantity]] -> 5
A5: Jane Brown | B5: McDonalds | C5: Fries | D5: 2 | E5: 44950 | F5: Good service | G5: 5 | H5: 1 | I5: =Table1[[#This Row],[Price of Dish Ordered]]*Table1[[#This Row],[Quantity]] -> 5
A6: Michael Johnson | B6: McDonalds | C6: Not Specified | D6: 4 | E6: 44947 | F6: Good service | G6: 5 | H6: 1 | I6: =Table1[[#This Row],[Price of Dish Ordered]]*Table1[[#This Row],[Quantity]] -> 5
A7: Emily Garcia | B7: McDonalds | C7: Nuggets | D7: 1 | E7: 44960 | F7: Good service | G7: 25 | H7: 5 | I7: =Table1[[#This Row],[Price of Dish Ordered]]*Table1[[#This Row],[Quantity]] -> 125
A8: Sarah Williams | B8: McDonalds | C8: Taco | D8: 5 | E8: 44940 | F8: Good service | G8: 10 | H8: 4 | I8: =Table1[[#This Row],[Price of Dish Ordered]]*Table1[[#This Row],[Quantity]] -> 40
A9: James Rodriguez | B9: Dominos | C9: Sushi | D9: 2 | E9: 44961 | F9: Good service | G9: 20 | H9: 5 | I9: =Table1[[#This Row],[Price of Dish Ordered]]*Table1[[#This Row],[Quantity]] -> 100
A10: Jane Martinez | B10: Subway | C10: Pasta | D10: 1 | E10: 44958 | F10: Good service | G10: 25 | H10: 4 | I10: =Table1[[#This Row],[Price of Dish Ordered]]*Table1[[#This Row],[Quantity]] -> 100
A11: Not Specified | B11: KFC | C11: Salad | D11: 3 | E11: 44947 | F11: Good service | G11: 25 | H11: 5 | I11: =Table1[[#This Row],[Price of Dish Ordered]]*Table1[[#This Row],[Quantity]] -> 125
A12: Emily Miller | B12: McDonalds | C12: Taco | D12: 1 | E12: 44957 | F12: Good service | G12: 25 | H12: 5 | I12: =Table1[[#This Row],[Price of Dish Ordered]]*Table1[[#This Row],[Quantity]] -> 125
A13: James Rodriguez | B13: Dominos | C13: Sushi | D13: 2 | E13: 44961 | F13: Good service | G13: 25 | H13: 3 | I13: =Table1[[#This Row],[Price of Dish Ordered]]*Table1[[#This Row],[Quantity]] -> 75
... A46: Sarah Miller | B46: Dominos | C46: Not Specified | D46: 3 | E46: 44938 | F46: Good service | G46: 5 | H46: 5 | I46: =Table1[[#This Row],[Price of Dish Ordered]]*Table1[[#This Row],[Quantity]] -> 25
